seed,name,avg_turnover,max_turnover,avg_max_weight,avg_cost_coeff,avg_realised_tc,has_nan_weights,gross_n_obs,gross_mean_daily,gross_vol_daily,gross_ann_return,gross_ann_vol,gross_sharpe,gross_max_drawdown,gross_cum_return,net_n_obs,net_mean_daily,net_vol_daily,net_ann_return,net_ann_vol,net_sharpe,net_max_drawdown,net_cum_return
1,AR1 + EWMA Covariance + One-Step,0.2280081724120015,1.2224348448945679,0.09999698555643141,0.002,0.0004660533294201044,False,1014,0.0013547827574516996,0.016483941872849753,0.3414052548778283,0.2616744649296284,1.3046945752603019,-0.19576839255941947,2.439523855311891,1014,0.0008887294280315951,0.01645155431758862,0.22395981586396196,0.2611603284288625,0.8575568012618977,-0.3092281054856525,1.146030475763824
1,AR1 + EWMA Covariance + Two-Step,0.23419969424488282,1.2111574272910541,0.09997146020221957,0.002,0.0004787806074166626,False,1014,0.0013539663081629635,0.016481789427844902,0.3411995096570668,0.26164029592446697,1.3040785955828753,-0.1960108230102312,2.4367995909616664,1014,0.0008751857007463007,0.016449379262478622,0.22054679658806778,0.26112580049940903,0.8445997912357455,-0.3149875603560828,1.1168533354439818
1,AR1 + Sample Covariance + One-Step,0.21922907867588176,1.45903766949467,0.09983957697709876,0.002,0.00045177138655504677,False,1014,0.0012929051961167498,0.015905788547220273,0.32581210942142097,0.25249656541394516,1.2903625397330916,-0.2336247557065918,2.2618345852605324,1014,0.000841133809561703,0.01587248225822046,0.21196572000954916,0.25196784446721743,0.8412411530437457,-0.29617618572145066,1.0647737651376605
1,AR1 + Sample Covariance + Two-Step,0.22618701314460188,1.533574820153654,0.09981631833321639,0.002,0.00046828940777097946,False,1014,0.0012950330027694235,0.01591514781156242,0.3263483166978947,0.25264513912936815,1.2917260859342579,-0.23299526688998262,2.2684114855875452,1014,0.0008267435949984441,0.015869544990887163,0.2083393859396079,0.25192121679382934,0.8270021421423647,-0.3020172054493795,1.0349799186973287
1,Simple + Sample Covariance + One-Step,0.20685951017848705,0.8986863335961176,0.0999975631641102,0.002,0.00042397990920152836,False,1014,0.000901786319884576,0.015865997822230787,0.22725015261091314,0.25186490723709026,0.9022700109507265,-0.407876027390625,1.195067548420901,1014,0.00047780641068304774,0.01591404467132765,0.12040721549212803,0.25262762732103355,0.47661934986673976,-0.4992674271421539,0.4270903305658642
1,Simple + Sample Covariance + Two-Step,0.2109312276803816,0.8948683088009115,0.09997397900998155,0.002,0.00043302444333470896,False,1014,0.0009021326418571621,0.01585804691076343,0.22733742574800483,0.25173869043045677,0.903069072772535,-0.4082148767314141,1.1961094174230453,1014,0.00046910819852245285,0.015906194769584974,0.11821526602765813,0.2525030139940691,0.46817368298991796,-0.5016610694066765,0.41473596825958303
1,Simple + EWMA Covariance + One-Step,0.20044994983134148,0.7999951080783578,0.09999713293772407,0.002,0.00040825787035490656,False,1014,0.0008718266674655801,0.016456365287521448,0.21970032020132618,0.26123670020890616,0.8410009773727654,-0.3707907863289095,1.1089846603509836,1014,0.00046356879711067345,0.016558889445100977,0.11681933687188971,0.2628642207548971,0.444409423756517,-0.46707468885604186,0.3917997719896167
1,Simple + EWMA Covariance + Two-Step,0.20390700429367054,0.7967234784754996,0.09997440447789827,0.002,0.00041505161270316397,False,1014,0.0008721200804388907,0.016455905858110215,0.21977426027060046,0.2612294069931035,0.8413075036242093,-0.3711143264964324,1.1096328914604174,1014,0.00045706846773572676,0.01655846988834413,0.11518125386940314,0.2628575604978602,0.43818885654742573,-0.46917424047575185,0.38267104684824305
2,AR1 + Sample Covariance + One-Step,0.20670539113939831,1.3710070066000082,0.09984039814422449,0.0019999999999999996,0.0004194829773255278,False,1016,0.001210856004425038,0.016436141340881574,0.30513571311510956,0.2609156550088821,1.1694802793827075,-0.24570559882855203,1.9820172172051538,1016,0.0007913730270995102,0.016398505374370924,0.19942600282907658,0.26031820256244964,0.7660855094496698,-0.3490654730815881,0.9489183893038706
2,AR1 + Sample Covariance + Two-Step,0.21298465826208932,1.4888661812017376,0.09981547502853373,0.0019999999999999996,0.0004333827331814353,False,1016,0.0012080682782921357,0.016424833145029738,0.3044332061296182,0.26073614296487746,1.1675911236081566,-0.24488414879333464,1.974142018248525,1016,0.0007746855451107004,0.016386228912422977,0.19522075736789649,0.26012331977068553,0.7504931028098343,-0.3536185020885928,0.9165580674731839
2,AR1 + EWMA Covariance + One-Step,0.22740752460912736,1.3055739669826998,0.09999835104536929,0.0019999999999999996,0.00045059069138406557,False,1016,0.0011291740825734656,0.0169673333584026,0.28455186880851335,0.26934806686958185,1.0564466718311112,-0.3303148779518068,1.7201411316506645,1016,0.0006785833911894003,0.01695394222172287,0.17100301457972888,0.2691354891650196,0.6353789130904208,-0.45677897378822563,0.7217169499232676
2,AR1 + EWMA Covariance + Two-Step,0.2330671936621475,1.288811791459468,0.09997073794715323,0.0019999999999999996,0.00046235876252391923,False,1016,0.00112910032750772,0.016965118897855697,0.28453328253194543,0.26931291339821023,1.0565155563529556,-0.33025217743050117,1.720036188726929,1016,0.0006667415649838004,0.016951982373256864,0.1680188743759177,0.26910437753512906,0.6243632151765514,-0.4614788299051773,0.7011889436734098
2,Simple + EWMA Covariance + One-Step,0.20070080032516255,0.7221201009527082,0.09999789675666616,0.0019999999999999996,0.00041017872942898155,False,1016,0.0010291141467562957,0.01663341550771646,0.2593367649825865,0.26404728532213756,0.9821603152109509,-0.3271160369292557,1.471503475319091,1016,0.0006189354173273142,0.016705524460436914,0.1559717251664832,0.2651919794593353,0.5881464646271476,-0.41452873276267443,0.6274661953110208
2,Simple + EWMA Covariance + Two-Step,0.20405681363769462,0.7298573045785685,0.0999744849952599,0.0019999999999999996,0.00041733654051821485,False,1016,0.0010304551724713055,0.0166308386288168,0.259674703462769,0.2640063786377741,0.9835925359176707,-0.326479784140851,1.4749815863864915,1016,0.0006131186319530907,0.01670298427077941,0.15450589525217887,0.26515165519863515,0.5827076400350307,-0.4166366221794534,0.617952119278735
2,Simple + Sample Covariance + One-Step,0.20834101988189302,0.869480405386689,0.0999977290120801,0.0019999999999999996,0.00043338415740538266,False,1016,0.00088844957957077,0.015885842471328845,0.22388929405183403,0.2521799312753031,0.887815667644923,-0.3789613007738565,1.1689170314562722,1016,0.00045506542216538733,0.015918144356411288,0.11467648638567761,0.2526927078041435,0.45381794901086264,-0.4848186309143766,0.395841926707051
2,Simple + Sample Covariance + Two-Step,0.21206603618021008,0.8653727222068188,0.09997495421977402,0.0019999999999999996,0.00044114176797868914,False,1016,0.0008858523091747946,0.015880056938772914,0.22323478191204824,0.25208808879323275,0.8855427599958897,-0.37937718346039484,1.16340608237754,1016,0.0004447105411961054,0.015912272600083238,0.11206705638141856,0.2525994965621243,0.4436551058361147,-0.4872722980394454,0.3813682325492629
3,AR1 + Sample Covariance + One-Step,0.21691579184740953,1.5447607309186078,0.09984034161664132,0.0019999999999999996,0.00044408359989712884,False,1014,0.0014309631886013745,0.019534263794437127,0.36060272352754635,0.3100968242688816,1.1628713850189953,-0.20944525339254605,2.543180920955955,1014,0.0009868795887042455,0.01948496041430468,0.24869365635346985,0.30931415737312956,0.8040164034699115,-0.29679683636265564,1.261265986860887
3,Simple + Sample Covariance + One-Step,0.18772453248963006,0.7830771301315229,0.0999977128574022,0.0019999999999999996,0.00038057708355908435,False,1014,0.001399014443202891,0.020291276407742555,0.3525516396871285,0.3221140269537532,1.0944932855648206,-0.35398760154207354,2.38114286205696,1014,0.0010184373596438063,0.02028738569241724,0.2566462146302392,0.32205226376271556,0.7969085875432106,-0.4443952898036385,1.2992040128581461
3,AR1 + Sample Covariance + Two-Step,0.22286068886994356,1.5352807015393883,0.09981652341723475,0.0019999999999999996,0.000455856242938403,False,1014,0.0014333635378055434,0.019524049415382976,0.36120761152699693,0.3099346760282362,1.165431426247025,-0.2094272468949141,2.552376758209912,1014,0.0009775072948671405,0.01947512770555499,0.24633183830651942,0.3091580679607347,0.796782823528983,-0.2992001565424607,1.2402350993657234
3,AR1 + EWMA Covariance + One-Step,0.22542573577981082,1.7616162799122184,0.09999719547334274,0.0019999999999999996,0.000454581408928696,False,1014,0.0014612937963038254,0.020133523098793963,0.368246036668564,0.3196097708099001,1.1521739017409205,-0.20379936668882515,2.6088709267232195,1014,0.0010067123873751297,0.020118300886011235,0.2536915216185327,0.31936812567333683,0.7943545433147549,-0.32667943882916495,1.2773603410854641
3,Simple + Sample Covariance + Two-Step,0.19080584907660833,0.7798931887225788,0.09997586257167161,0.0019999999999999996,0.000386608746925887,False,1014,0.0013958764370508572,0.020282003007304192,0.351760862136816,0.32196681628554624,1.0925376291724611,-0.3544078048038626,2.370935982044704,1014,0.0010092676901249703,0.020278211868440595,0.25433545791149254,0.3219066338218335,0.7900907629392324,-0.4464551628713753,1.2782900854766637
3,AR1 + EWMA Covariance + Two-Step,0.23104408741104077,1.752929430237272,0.09997147961310403,0.0019999999999999996,0.00046634751233526854,False,1014,0.0014621486924732544,0.020125822085441912,0.3684614705032601,0.3194875210128638,1.153289084140549,-0.20368724302115793,2.61243529182502,1014,0.000995801180137986,0.020110725476880843,0.25094189739477246,0.3192478697815053,0.7860409454463023,-0.33095118078050856,1.2525881567655937
3,Simple + EWMA Covariance + One-Step,0.18798961027176936,0.690360753859717,0.09999767758686615,0.0019999999999999996,0.00038214069562639784,False,1014,0.001338093465225495,0.020767081416064943,0.3371995532368247,0.3296671973012335,1.0228483634321328,-0.35691282390688683,2.143243786282294,1014,0.000955952769599097,0.020813150285366164,0.24090009793897246,0.3303985179293513,0.7291197897881727,-0.44790898012451386,1.131785728999028
3,Simple + EWMA Covariance + Two-Step,0.1908752567257701,0.7070539694966295,0.09997675284500915,0.0019999999999999996,0.0003878266978610696,False,1014,0.0013373483768377068,0.020757630666734563,0.33701179096310213,0.32951717130664515,1.0227442461548766,-0.356586824385567,2.141417750790659,1014,0.000949521678976638,0.0208035631859158,0.23927946310211276,0.3302463274437107,0.7245484452598404,-0.44903145462267735,1.1183144855062994
4,AR1 + EWMA Covariance + One-Step,0.2319820973142663,1.4000020975952885,0.09999778745473328,0.0019999999999999996,0.00047726601430664404,False,1009,0.0013993370083386645,0.019166435891291425,0.35263292610134345,0.3042577373269183,1.1589941120295886,-0.3491225015517819,2.4060838601294514,1009,0.0009220709940320203,0.01914174761500727,0.23236189049606912,0.3038658230908379,0.7646858344665061,-0.43714049850129866,1.1058369966520356
4,AR1 + EWMA Covariance + Two-Step,0.23720237202991137,1.388709960626341,0.09996880000027467,0.0019999999999999996,0.00048753378586840443,False,1009,0.0014015592198955186,0.019165433360731093,0.3531929234136707,0.30424182264765204,1.1608953704655847,-0.34892808695009425,2.413779030055809,1009,0.0009140254340271141,0.019140207686003777,0.23033440937483277,0.3038413774757583,0.758074529836575,-0.4397101583712325,1.088877582349138
4,Simple + EWMA Covariance + One-Step,0.19579709534128856,0.7885915930836315,0.0999977427341499,0.0019999999999999996,0.00040030346261319815,False,1009,0.0012066876737513998,0.01909862171132581,0.30408529378535276,0.30318122059360153,1.0029819564351021,-0.34867861505760545,1.8089481679943527,1009,0.0008063842111382016,0.01920234204210731,0.2032088212068268,0.30482772980049677,0.666634959161434,-0.4469667586240844,0.8720775048632934
4,Simple + EWMA Covariance + Two-Step,0.19917190151809314,0.7905055366239685,0.09997354295821753,0.0019999999999999996,0.0004073308805434054,False,1009,0.0012047810453405484,0.019097510139550997,0.3036048234258182,0.3031635749387182,1.0014554798913067,-0.3493544532816749,1.8036152282065059,1009,0.0007974501647971432,0.019200460405782768,0.20095744152888007,0.3047978597498611,0.6593138209493994,-0.4494883308124379,0.8553530965318745
4,AR1 + Sample Covariance + One-Step,0.22629979215689588,1.53377498352544,0.09983932124164059,0.0019999999999999996,0.00046962193617532415,False,1009,0.0010619699669835903,0.017175989635155323,0.26761643167986476,0.2726603825762641,0.9815009762373947,-0.365516027388482,1.5144889557219678,1009,0.0005923480308082661,0.017132845168878495,0.14927170376368307,0.2719754854069615,0.5488424941693746,-0.45044856864707017,0.5668994820873667
4,AR1 + Sample Covariance + Two-Step,0.23231796478411149,1.5463954048159072,0.09981317139859434,0.0019999999999999996,0.0004815694256816537,False,1009,0.0010608970801048233,0.017177660305426726,0.2673460641864155,0.2726869036446296,0.9804140228708071,-0.3665345467913321,1.5116907742637236,1009,0.0005793276544231697,0.01713295662525509,0.14599056891463874,0.2719772547220885,0.5367749191520249,-0.4543794120213849,0.5464478169550657
4,Simple + Sample Covariance + One-Step,0.2128692318670284,0.8529771844761883,0.09999781939899416,0.0019999999999999996,0.000446067018223241,False,1009,0.0009120953791029017,0.017593767061887026,0.2298480355339312,0.27929239362331565,0.8229656116017591,-0.4073016584300613,1.1468417213592077,1009,0.0004660283608796605,0.01761233294225262,0.11743914694167445,0.27958711783722573,0.42004491426549545,-0.5146859152930375,0.3683909420590845
4,Simple + Sample Covariance + Two-Step,0.21666175233742083,0.8541354832285177,0.09997217883353329,0.0019999999999999996,0.0004537276752208633,False,1009,0.0009091522650123497,0.017589040506662223,0.22910637078311213,0.2792173618852186,0.8205305330450539,-0.4075313239643935,1.1406517824091709,1009,0.0004554245897914868,0.017607727602274942,0.11476699662745468,0.2795140103315227,0.41059479090630624,-0.5169345756172861,0.3539376275371977
5,Simple + EWMA Covariance + One-Step,0.19170142630543216,0.60173852489516,0.09999770768300156,0.002,0.0003858857488158335,False,1014,0.0017192963394112358,0.022428910599501695,0.43326267753163145,0.35604791774629263,1.2168662023754886,-0.47368185920017214,3.4612203354648887,1014,0.001333410590595402,0.022479881785329968,0.3360194688300413,0.3568570602366826,0.9416080169667347,-0.5622525493432079,2.013887547985521
5,Simple + EWMA Covariance + Two-Step,0.19456070551628918,0.6076148080376915,0.0999731074258269,0.002,0.0003919214259460703,False,1014,0.001717562057789292,0.022414597948862112,0.43282563856290157,0.3558207114611257,1.216414965799957,-0.47364554979817985,3.4546483390108795,1014,0.0013256406318432215,0.022465378153782453,0.33406143922449183,0.35662682222359043,0.9367255024218256,-0.563768417195587,1.991113859889114
5,Simple + Sample Covariance + One-Step,0.20150723267664353,0.7624007646592423,0.09999783464087263,0.002,0.00042531034532540887,False,1014,0.0015799999043180906,0.02130959838676315,0.3981599758881588,0.33827938722023093,1.177015186056677,-0.40359730310695174,2.9722140903441794,1014,0.0011546895589926813,0.021315040245373958,0.2909817688661557,0.33836577404755597,0.8599621805285169,-0.5062682327114483,1.5809368079535493
5,AR1 + EWMA Covariance + One-Step,0.22234957299983962,1.839114145884068,0.09999758282813363,0.002,0.00046275071766894386,False,1014,0.0016420423342214992,0.021888099200698112,0.41379466822381783,0.3474628029417531,1.1909035002321797,-0.3046456951085309,3.172137500728998,1014,0.0011792916165525552,0.021845175208645085,0.2971814873712439,0.3467814056922506,0.85697065209712,-0.4844522717960228,1.6126200267134108
5,Simple + Sample Covariance + Two-Step,0.20467991711174885,0.7609653481993582,0.09997235915043012,0.002,0.0004319412162073894,False,1014,0.0015804981543238166,0.02130025931633793,0.3982855348896018,0.33813113407330103,1.1779025790723556,-0.4029838446639693,2.9748695721456957,1014,0.001148556938116427,0.021306250806524728,0.2894363484053396,0.3382262460314028,0.8557477481462712,-0.5076338271960135,1.5653378951517958
5,AR1 + EWMA Covariance + Two-Step,0.22683736354671738,1.8172597369530292,0.09997331623640185,0.002,0.0004719244753983236,False,1014,0.0016432520832677482,0.021882760103432423,0.4140995249834725,0.3473780474002095,1.1920716581908646,-0.30374015967873,3.177630241690305,1014,0.001171327607869424,0.021839827585957483,0.2951745571830949,0.34669651481382974,0.8513917636051194,-0.48763493539893876,1.5918582644988528
5,AR1 + Sample Covariance + One-Step,0.23175511555327638,1.6399985128520496,0.09984043134864287,0.002,0.00048329893118700024,False,1014,0.0015157487389257272,0.020356566357018543,0.38196868220928326,0.3231504727671309,1.1820149261688935,-0.23596261510686112,2.796516197519006,1014,0.0010324498077387272,0.020291649483328508,0.26017735155015925,0.32211994934507715,0.807703316975998,-0.3680818758916836,1.3293328595978844
5,AR1 + Sample Covariance + Two-Step,0.2375907097629923,1.707312030050186,0.09981264675816925,0.002,0.0004964014711488323,False,1014,0.0015104444258853451,0.020331277602364112,0.380631995323107,0.322749026232438,1.1793435901770397,-0.23448257257757443,2.777986910171496,1014,0.0010140429547365129,0.02026633212700602,0.2555388245936012,0.32171804877297966,0.7942943380647015,-0.37146235311402753,1.2873939431138433
6,AR1 + Sample Covariance + One-Step,0.22471152821416018,1.3777471127006469,0.09983971171498322,0.001999999999999999,0.00046358859389285245,False,1011,0.001083958122930173,0.015637292667018573,0.2731574469784036,0.2482343254515906,1.100401592251485,-0.23744015961465115,1.6427094891089769,1011,0.0006203695290373206,0.01561010984279547,0.1563331213174048,0.24780281149463032,0.6308771089983876,-0.36104942323564815,0.6549061815240398
6,AR1 + Sample Covariance + Two-Step,0.2319879502707231,1.5157521900498165,0.09981221090393927,0.001999999999999999,0.00048093005287117,False,1011,0.001072528524437177,0.015605906463698496,0.2702771881581686,0.24773608492009,1.0909883727489658,-0.23641324979822753,1.613624458761855,1011,0.0005915984715660072,0.015580838380330116,0.14908281483463381,0.2473381414334634,0.6027489895841184,-0.3646427614659593,0.6082071736605394
6,AR1 + EWMA Covariance + One-Step,0.23239553334524474,1.716820415171671,0.09999746714774661,0.001999999999999999,0.00047645050137669223,False,1011,0.001066274902462741,0.01634304620809329,0.26870127542061073,0.25943781559111206,1.0357058966457626,-0.30486146768560696,1.5661869619844628,1011,0.0005898244010860488,0.016340339040183074,0.1486357490736843,0.2593948406328257,0.57300965860026,-0.419052863856063,0.5855940964224455
6,AR1 + EWMA Covariance + Two-Step,0.2386178105172123,1.6931273237431193,0.09996972079317999,0.001999999999999999,0.0004893028405584149,False,1011,0.001068134167516853,0.016346047214997692,0.2691698102142469,0.2594854550988231,1.0373213793880494,-0.3045379786866952,1.5708892080559704,1011,0.0005788313269584378,0.01634156388463355,0.14586549439352633,0.25941428443568987,0.562287827406386,-0.42257166025310944,0.568044106024834
6,Simple + EWMA Covariance + One-Step,0.20854804187409304,0.8414980983846224,0.09999740089072438,0.001999999999999999,0.00042092689487173033,False,1011,0.0009798911481115474,0.016368134504272262,0.24693256932410995,0.2598360799461594,0.9503398041383506,-0.38002479259161503,1.350595789652881,1011,0.0005589642532398169,0.016458258015432017,0.14085899181643385,0.2612667463330114,0.5391386152024665,-0.4818935875959558,0.533780308134268
6,Simple + EWMA Covariance + Two-Step,0.21210612443363935,0.8459501649128347,0.09997273538397798,0.001999999999999999,0.0004283944604997235,False,1011,0.0009816030776391136,0.0163630432267024,0.24736397556505663,0.2597552584203267,0.9522963156525635,-0.3797071311281254,1.354866255612591,1011,0.0005532086171393902,0.016453209716255125,0.13940857151912633,0.26118660706801594,0.53375084229653,-0.48358843288399556,0.5250142676225766
6,Simple + Sample Covariance + One-Step,0.20229245716282637,0.756490852099725,0.09999765129597668,0.001999999999999999,0.000421913872590618,False,1011,0.0008475995703342841,0.015314034870636576,0.2135950917242396,0.24310276702005348,0.8786205699856151,-0.36535178419304537,1.0915211080367357,1011,0.00042568569774366593,0.015350295378884986,0.10727279583140381,0.24367838474348208,0.4402228615571663,-0.4277733441037185,0.36460829495300673
6,Simple + Sample Covariance + Two-Step,0.20597826325354843,0.7521228759632206,0.09997471299407423,0.001999999999999999,0.0004296133524078479,False,1011,0.0008492068460865058,0.015313251801593614,0.21400012521379946,0.24309033618437106,0.8803316848082837,-0.3658864225008116,1.0949510265071076,1011,0.00041959349367865823,0.015349095540171285,0.10573756040702187,0.24365933789438304,0.43395652849083516,-0.42979324715131784,0.3562600328347796
7,Simple + EWMA Covariance + One-Step,0.1898818668916332,0.8000237766691972,0.0999973001176634,0.001999999999999999,0.00038874005558453453,False,1014,0.0011932956795914537,0.020271794379242064,0.30071051125704634,0.32180475933906894,0.9344501674700321,-0.4322769477537103,1.742774796756636,1014,0.0008045556240069193,0.02032269769381643,0.20274801724974365,0.3226128244067049,0.6284561614145489,-0.5446839446984468,0.8474786867160518
7,Simple + EWMA Covariance + Two-Step,0.1932297387897447,0.7944528910656722,0.09997371894159346,0.001999999999999999,0.0003955863822652032,False,1014,0.0011907179820446882,0.020258867882292936,0.3000609314752614,0.32159955756156516,0.9330265680412806,-0.4326131156530473,1.7362324164155187,1014,0.0007951315997794849,0.020309881984284715,0.20037316314443018,0.32240938132493036,0.6214867641909286,-0.546879619741149,0.8303238906326313
7,Simple + Sample Covariance + One-Step,0.20509413035040436,0.8000246586047801,0.09999762849087315,0.001999999999999999,0.00044378028818740765,False,1014,0.0008929086953521343,0.0194536193861742,0.22501299122873783,0.30881663397553155,0.7286297643104492,-0.42529490494316047,1.0575826127835208,1014,0.0004491284071647263,0.0194796371189769,0.11318035860551103,0.3092296526795736,0.3660074563508613,-0.5450116771341869,0.3112375053467462
7,Simple + Sample Covariance + Two-Step,0.2088742803247154,0.7958754174223815,0.09997248675969685,0.001999999999999999,0.00045140156597537316,False,1014,0.0008900450355981731,0.019435002132385273,0.2242913489707396,0.3085210942338087,0.7269886991933308,-0.4259652984249177,1.0522468619641439,1014,0.0004386434696227998,0.019460575748193255,0.11053815434494554,0.3089270627991245,0.35781311401915417,-0.5476647486816968,0.29778235804744235
7,AR1 + EWMA Covariance + One-Step,0.2265332003309283,1.8755973456089088,0.09999698770302347,0.001999999999999999,0.0004718831843937717,False,1014,0.0008758676522770627,0.019281454401921826,0.2207186483738198,0.30608359957870074,0.7211057654759063,-0.38657469021629043,1.027221688979541,1014,0.00040398446788329095,0.019247512570287947,0.10180408590658932,0.30554478970542914,0.33318874789106045,-0.5318245855245425,0.25699667408832716
7,AR1 + EWMA Covariance + Two-Step,0.23258670023484798,1.850604614194524,0.09996999607030357,0.001999999999999999,0.00048368357340015244,False,1014,0.0008726548512639516,0.01927251644979994,0.21990902251851582,0.3059417139874325,0.7187938501499972,-0.3883867975942249,1.0209007316288252,1014,0.00038897127786379914,0.019237627359501394,0.09802076202167738,0.3053878668490371,0.3209713700581698,-0.5372048630658246,0.23819758649612877
7,AR1 + Sample Covariance + One-Step,0.23083370532499078,1.7744523851021596,0.09983967222164662,0.001999999999999999,0.00048725996485356676,False,1014,0.0007823795889173212,0.017253378498602697,0.19715965640716493,0.27388889269783023,0.7198526908671782,-0.3370842655284152,0.9139659635557533,1014,0.0002951196240637544,0.01718413067748522,0.0743701452640661,0.2727896176167706,0.272628210390856,-0.4777833215940801,0.16902650996492086
7,AR1 + Sample Covariance + Two-Step,0.23807936546845127,1.7915572167149958,0.09981254695533472,0.001999999999999999,0.0005046425143512601,False,1014,0.0007863756796975712,0.01725078726948686,0.19816667128378795,0.2738477582108473,0.7236380994260717,-0.33533621161458205,0.9217574760770835,1014,0.000281733165346311,0.017168329163314126,0.07099675766727037,0.2725387763557608,0.2605014912615376,-0.48167138760507444,0.1535340159989642
8,Simple + EWMA Covariance + One-Step,0.18685991457582268,0.800000000983307,0.09999755860768891,0.0019999999999999996,0.00037471038781938825,False,1014,0.0013862932948653568,0.01787171287133819,0.34934591030606993,0.2837046465618776,1.2313718317259763,-0.19900450733310182,2.4671585909609943,1014,0.001011582907045968,0.017925711871521262,0.254918892575584,0.28456185411506085,0.8958294616414366,-0.24254358379823326,1.3694245338222477
8,Simple + EWMA Covariance + Two-Step,0.18998808027396308,0.7972650450720992,0.09997635119278968,0.0019999999999999996,0.0003810031738459296,False,1014,0.0013854077113632569,0.01786683653341958,0.34912274326354076,0.2836272370972295,1.2309210738595566,-0.1991652494962154,2.4643503780959377,1014,0.0010044045375173273,0.017920805370378552,0.2531099434543665,0.2844839658240745,0.8897160257210779,-0.24411259965159338,1.35245916947289
8,AR1 + EWMA Covariance + One-Step,0.24170867486056546,1.9127102464911443,0.09999768555905392,0.0019999999999999996,0.0005002394611382084,False,1014,0.0015315541091101513,0.01904325455105366,0.3859516354957581,0.30230229417232174,1.276707596786393,-0.3159709875366581,2.930267160119559,1014,0.001031314647971943,0.019015561528917528,0.2598912912889296,0.30186268107457764,0.860958666251034,-0.4128300381791804,1.3686482287678068
8,AR1 + EWMA Covariance + Two-Step,0.24715299601599866,1.8961182860016237,0.09996734918243756,0.0019999999999999996,0.0005117461114325146,False,1014,0.001532669686229623,0.019044363346454308,0.38623276092986497,0.30231989575363155,1.277563158610693,-0.3156299170857555,2.934613573114962,1014,0.0010209235747971083,0.01901531021880164,0.2572727408488713,0.3018586916501661,0.8522952890388629,-0.41778986926792805,1.3438411413900382
8,Simple + Sample Covariance + One-Step,0.19233405463321315,0.7999738608523104,0.09999760612446819,0.0019999999999999996,0.00038667527757905746,False,1014,0.0011526704626689558,0.016855065391394385,0.2904729565925769,0.2675658681441666,1.085612894526845,-0.26576013020693456,1.7853583376793436,1014,0.0007659951850898985,0.016874053971307965,0.1930307866426544,0.26786730250537627,0.7206209374463692,-0.3173056262017645,0.8816611217769423
8,Simple + Sample Covariance + Two-Step,0.19556075108042875,0.7977427368348076,0.09997672345275843,0.0019999999999999996,0.0003932775314701757,False,1014,0.0011522935599329724,0.016853771909760198,0.29037797710310903,0.2675453347597897,1.085341209047129,-0.26583787461631003,1.7843576182857386,1014,0.0007590160284627966,0.0168731111293615,0.19127203917262475,0.26785233535348035,0.7140950961663491,-0.3182957420614425,0.8684281660461597
8,AR1 + Sample Covariance + One-Step,0.24089497170878446,1.9511576804144712,0.09983996622175628,0.0019999999999999996,0.0005066928081471753,False,1014,0.0012300078956654953,0.017422769288645345,0.30996198970770483,0.27657788812685585,1.1207041597104717,-0.28092662010612435,1.9833563301207424,1014,0.0007233150875183199,0.017376633975721922,0.18227540205461662,0.2758455127389347,0.6607879905123758,-0.415628063208894,0.7865700165945841
8,AR1 + Sample Covariance + Two-Step,0.24710963180149964,1.9385905048098604,0.0998122699237068,0.0019999999999999996,0.0005195544888305691,False,1014,0.0012321356974257108,0.017419508268279815,0.3104981957512791,0.2765261210334108,1.1228530403960055,-0.28056955166364184,1.989970929778368,1014,0.0007125812085951419,0.017374449425216272,0.17957046456597575,0.27581083407474827,0.651063853848866,-0.4195438927767495,0.7673090293882154
9,Simple + EWMA Covariance + One-Step,0.19779131432846092,0.7016829088258092,0.0999975453730776,0.001999999999999999,0.00039311323433433135,False,1013,0.0012844237574785563,0.019109868629483256,0.32367478688459617,0.3033597598843645,1.0669667823048627,-0.5754899636362628,2.0538125380923624,1013,0.000891310523144225,0.01919501801248014,0.2246102518323447,0.3047114644345666,0.7371243883099031,-0.6536099317611267,1.0477374745550256
9,Simple + EWMA Covariance + Two-Step,0.20141358738431314,0.7101732253153016,0.0999759583979764,0.001999999999999999,0.0004005798458193617,False,1013,0.0012840761693333736,0.01910089198058492,0.32358719467201014,0.30321726000081406,1.0671793375850087,-0.5754354292320252,2.053268544506948,1013,0.0008834963235140125,0.01918539163610369,0.22264107352553114,0.3045586504470538,0.7310285660864403,-0.6551504952964702,1.0319816874875611
9,Simple + Sample Covariance + One-Step,0.19958843878735177,0.7999707151501442,0.099997465924572,0.001999999999999999,0.00040573291476680496,False,1013,0.0012350372399505727,0.01821934041538196,0.31122938446754433,0.2892230627443734,1.076087714148235,-0.5605889179697257,1.9536911306720288,1013,0.0008293043251837679,0.018229248117841858,0.20898468994630953,0.2893803426450109,0.7221799795941065,-0.6403083129008481,0.958335046180486
9,Simple + Sample Covariance + Two-Step,0.20343609281782477,0.7956904267882616,0.09997589730074619,0.001999999999999999,0.0004136192712583449,False,1013,0.0012339031136599941,0.01821303596732734,0.3109435846423185,0.2891229827341371,1.075471696168293,-0.5606603467503338,1.9506430396671348,1013,0.0008202838424016489,0.018223058874035837,0.20671152828521552,0.28928209144552525,0.7145673181920471,-0.642054689405692,0.9407520483837071
9,AR1 + Sample Covariance + One-Step,0.20707202808798283,1.4703844561193835,0.09983948421294712,0.001999999999999999,0.00041207929027941794,False,1013,0.0011220494274353312,0.017356701454905372,0.28275645571370345,0.2755290937804355,1.0262308485615945,-0.4196018793243771,1.6745334442745254,1013,0.0007099701371559132,0.017316558849479417,0.17891247456329012,0.27489184967482383,0.6508467776506651,-0.5310789861700285,0.7633845785385702
9,AR1 + Sample Covariance + Two-Step,0.21345786131303293,1.3649184977771671,0.09981724583769117,0.001999999999999999,0.00042604073258566507,False,1013,0.001122184608530053,0.01735081856800066,0.28279052134957333,0.27543570584598953,1.0267024766487474,-0.4184835615021555,1.6751729509559667,1013,0.0006961438759443879,0.017308033063711255,0.17542825673798573,0.27475650702158005,0.6384862678582792,-0.5341049159630923,0.7391244357640423
9,AR1 + EWMA Covariance + One-Step,0.22179141649475612,1.7433282283241496,0.09999729211041078,0.001999999999999999,0.00043789068142272475,False,1013,0.0009794184987001638,0.018375239936719513,0.24681346167244128,0.2916978909222125,0.8461270010973765,-0.5398992605987423,1.2727815685500987,1013,0.000541527817277439,0.01836885883619217,0.1364650099539146,0.29159659409169497,0.46799246877006406,-0.6332050253119452,0.45886284878822425
9,AR1 + EWMA Covariance + Two-Step,0.22807128897323217,1.728855881367955,0.09997421401528596,0.001999999999999999,0.00045047701011943845,False,1013,0.0009828870431729017,0.018373923681576483,0.2476875348795712,0.2916769960195903,0.849184331502562,-0.538788935535653,1.2808312404693019,1013,0.0005324100330534636,0.018366791367676938,0.1341673283294728,0.29156377404648637,0.4601646029869315,-0.6356053328711528,0.44550795733058135
10,AR1 + Sample Covariance + One-Step,0.22830925044970107,1.5257139992612976,0.09984013206122998,0.002,0.0004666673192519493,False,1013,0.0012845320535646515,0.01706064981205898,0.32370207749829216,0.27082941964721347,1.1952249424008345,-0.293571105530146,2.1694788500053983,1013,0.0008178647343127024,0.017021474993765863,0.206101913046801,0.27020753868605507,0.7627541187378336,-0.3787215730832303,0.9773741614498641
10,AR1 + Sample Covariance + Two-Step,0.2346816277519359,1.5408488122067991,0.09981405549308753,0.002,0.00047948558083542856,False,1013,0.0012829972451877452,0.017052984143324783,0.3233153057873118,0.27070773092859135,1.1943334779478372,-0.2937399222290279,2.164973320508652,1013,0.0008035116643523163,0.01701424074618818,0.20248493941678372,0.27009269856597573,0.749686831565062,-0.38094605699901807,0.9490879621677091
10,AR1 + EWMA Covariance + One-Step,0.23734019752912808,1.697822435089952,0.09999709842923024,0.002,0.0004768778458057959,False,1013,0.0013054260298202172,0.0185212201157452,0.32896735951469475,0.2940152544224924,1.1188785430907509,-0.35325596395685377,2.1535155800843095,1013,0.0008285481840144211,0.018499558612864477,0.20879414237163413,0.29367138872461457,0.7109788368502842,-0.4497706048562976,0.9466343800573933
10,AR1 + EWMA Covariance + Two-Step,0.2428925319120255,1.6897444304648497,0.09996985512175198,0.002,0.00048789726369686566,False,1013,0.0013051238303518845,0.018521627865464536,0.3288912052486749,0.2940217272486195,1.1185949022419366,-0.35333875881630195,2.1525230656444387,1013,0.000817226566655019,0.01850002014216876,0.2059410947970648,0.29367871527518596,0.701246239803561,-0.45234335946974813,0.9244283750722593
10,Simple + Sample Covariance + One-Step,0.19393331605858577,0.8000026073696854,0.09999765661815119,0.002,0.0003953142879845229,False,1013,0.001088743278843916,0.0170144350799427,0.27436330626866684,0.27009578351869057,1.0158000346928073,-0.21997680016345145,1.6011980873232203,1013,0.000693428990859393,0.017039201721113385,0.17474410569656704,0.27048894175877863,0.6460304978101596,-0.34474034752920535,0.7423837441134651
10,Simple + Sample Covariance + Two-Step,0.19772414303667088,0.7966242203551137,0.09997603407989884,0.002,0.00040272263132091443,False,1013,0.0010848036944341342,0.017010307382473232,0.27337053099740183,0.27003025835274147,1.0123699938852666,-0.22260329337026896,1.5910324343824778,1013,0.0006820810631132198,0.017034254978450816,0.1718844279045314,0.27041041465346866,0.6356427807146464,-0.34991012473758865,0.7226270560677961
10,Simple + EWMA Covariance + One-Step,0.19979643738436534,0.7683279320887275,0.09999744124067309,0.002,0.0004098075225619458,False,1013,0.0010504187252792449,0.01842373757053281,0.2647055187703697,0.29246776699168286,0.9050758703877865,-0.30671247954655123,1.4400348215855598,1013,0.0006406112027172988,0.01850073442630049,0.1614340230847593,0.293690054184254,0.5496748043891181,-0.4274738843811712,0.6089092080366743
10,Simple + EWMA Covariance + Two-Step,0.20315683923907388,0.7757962758142232,0.09997528276840471,0.002,0.00041671066607153515,False,1013,0.0010506864817294813,0.01841969897488903,0.26477299339582927,0.29240365627336645,0.9055050705258437,-0.30747161262394196,1.440882559867795,1013,0.0006339758156579464,0.018495609958595616,0.1597619055458025,0.2936087057813619,0.5441320451334658,-0.4301794003496815,0.5982889316175057
11,AR1 + Sample Covariance + One-Step,0.20802928980755261,1.4874786598901633,0.09983969986869194,0.002,0.0004237334277600471,False,1011,0.0012621926776580294,0.015566888070877487,0.3180725547698234,0.2471166871363191,1.2871350715152727,-0.19718060746771016,2.168153512972752,1011,0.0008384592498979826,0.01552778304869794,0.2112917309742916,0.24649591415411462,0.8571814737756156,-0.3187343746639779,1.0660406391106392
11,AR1 + Sample Covariance + Two-Step,0.214500073677782,1.4368722306576893,0.09981656719335001,0.002,0.0004385256362830062,False,1011,0.0012575482200996365,0.015552354084116336,0.3169021514651084,0.24688596724914924,1.2835972615053537,-0.1989775213548911,2.1540296327769815,1011,0.0008190225838166302,0.015511377882913896,0.20639369112179082,0.24623549022082641,0.8381963580339086,-0.32390835212207314,1.0263729645160224
11,Simple + EWMA Covariance + One-Step,0.19296246912210344,0.9531645406841971,0.09999772658281013,0.002,0.00039292177366644386,False,1011,0.0011768739697102515,0.01607344108190656,0.2965722403669834,0.2551579668946424,1.1623083691109728,-0.3009375236580767,1.8829531802673132,1011,0.0007839521960438076,0.016118457503572856,0.1975559534030395,0.2558725804345006,0.772087236028054,-0.42381979630214217,0.9368468158920953
11,Simple + EWMA Covariance + Two-Step,0.19644865910504572,0.9530339374858223,0.09997754772577641,0.002,0.0003999877900718853,False,1011,0.001175099672853727,0.016070903762247922,0.2961251175591392,0.2551176881937618,1.1607392637324006,-0.30115230713135943,1.8779102550373543,1011,0.0007751118827818414,0.016115962437752877,0.19532819446102404,0.25583297249251424,0.7634989053912485,-0.42636333570592655,0.9197011250835878
11,AR1 + EWMA Covariance + One-Step,0.2198386293884262,1.888291610125361,0.09999719444536616,0.002,0.0004519586878251257,False,1011,0.0011927345487296836,0.016027328971796442,0.30056910627988026,0.25442595983996363,1.1813617858371885,-0.26343807844171296,1.9316715733239005,1011,0.000740775860904558,0.01601231613438892,0.18667551694794862,0.2541876384344411,0.7344004535299034,-0.3838749625321525,0.8573362345454307
11,AR1 + EWMA Covariance + Two-Step,0.22559618972048875,1.8620096759382476,0.09997030396836644,0.002,0.0004643172082545291,False,1011,0.0011957676867808123,0.016029817453820747,0.3013334570687647,0.2544654632674338,1.1841821408670863,-0.26202699931605644,1.940554161744569,1011,0.0007314504785262832,0.01601265142207671,0.18432552058862336,0.2541929609614784,0.7251401450748941,-0.38688232629469455,0.8399075483984275
11,Simple + Sample Covariance + One-Step,0.20603648669784647,1.0000420280905873,0.09999745756102987,0.002,0.0004252174083339794,False,1011,0.0008825764573288752,0.0151305267722447,0.22240926724687657,0.24018966626858584,0.9259735054470378,-0.344881861624442,1.173458298091563,1011,0.00045735904899489604,0.01515445011396289,0.1152544803467138,0.2405694375448815,0.4790902847965112,-0.4636483751927869,0.41365002807170925
11,Simple + Sample Covariance + Two-Step,0.20990723470017592,0.9941145100389366,0.09997492222839853,0.002,0.0004330201586268183,False,1011,0.0008821767428725925,0.015127230414045057,0.2223085392038933,0.24013733820441516,0.9257558231725496,-0.34513988086966885,1.1726940986457661,1011,0.0004491565842457743,0.015151177224172337,0.11318745922993512,0.24051748203015555,0.4705997180518625,-0.4662550469939337,0.4020512385576198
12,Simple + EWMA Covariance + One-Step,0.19172931249836203,0.6250930924900984,0.0999975477700894,0.0019999999999999996,0.0003806390532448162,False,1016,0.0011220349377182304,0.018584964199660745,0.28275280430499405,0.2950271603840454,0.9583958437485095,-0.37334805392540493,1.6248182378775629,1016,0.0007413958844734139,0.018649222511906167,0.1868317628873003,0.29604722946726614,0.6310876924046953,-0.44923542062971,0.7810182041449079
12,Simple + EWMA Covariance + Two-Step,0.19509425606935477,0.6353408870738317,0.09997664408211045,0.0019999999999999996,0.0003877750665038004,False,1016,0.001119500175066626,0.01857732849058081,0.28211404411678975,0.2949059472601905,0.956623787135379,-0.3738808358958552,1.6184355307355522,1016,0.0007317251085628258,0.01864107109777164,0.1843947273578321,0.2959178297794654,0.6231281416711302,-0.45222500187933845,0.7638741247223217
12,Simple + Sample Covariance + One-Step,0.19784857266983447,0.7361837610580794,0.09999771886156505,0.0019999999999999996,0.0004068669779194223,False,1016,0.001046673618316591,0.01748036698741309,0.26376175181578093,0.2774922232490302,0.9505194370044484,-0.3360080080924539,1.4811302199128344,1016,0.0006398066403971684,0.01748709319347318,0.16123127338008644,0.2775989984600421,0.5808063943836391,-0.44384842364885546,0.6410580085714364
12,Simple + Sample Covariance + Two-Step,0.20164025888879478,0.7493843453182513,0.09997618920051622,0.0019999999999999996,0.0004149320451934353,False,1016,0.0010443344367296356,0.017472831444788985,0.2631722780558682,0.27737260021836635,0.9488041639609727,-0.3357374788872848,1.4755664931007528,1016,0.0006294023915361999,0.017479141699004448,0.15860940266712237,0.2774727723985487,0.5716215010794046,-0.44576993892935624,0.6240303908952161
12,AR1 + EWMA Covariance + One-Step,0.2174231866464491,1.6490126208148346,0.0999975715481616,0.0019999999999999996,0.00043999018684089597,False,1016,0.0009844399717937415,0.017726278001264886,0.24807887289202288,0.2813959395728519,0.8816007553932618,-0.3630458349966198,1.3167997836724257,1016,0.0005444497849528454,0.017741201174589688,0.13720134580811702,0.2816328376051879,0.4871638796625527,-0.48582326156027744,0.48140551414617283
12,AR1 + EWMA Covariance + Two-Step,0.22313088591749713,1.634485133936082,0.0999711311556924,0.0019999999999999996,0.00045170102477420904,False,1016,0.000989553557614126,0.017730535061020746,0.24936749651875978,0.281463518301434,0.8859673822868194,-0.36092489394930793,1.3286816960834793,1016,0.0005378525328399171,0.017744866745676536,0.1355388382756591,0.2816910267422409,0.48116136265740134,-0.48807688122257353,0.4714147946653535
12,AR1 + Sample Covariance + One-Step,0.2127964782213753,1.568336604977416,0.09984030171892813,0.0019999999999999996,0.0004317959676633516,False,1016,0.000910164606475202,0.016628212518089183,0.2293614808317509,0.2639646904223706,0.8689097032817117,-0.37971813568635315,1.1902402651108126,1016,0.0004783686388118502,0.01659625879818502,0.12054889698058625,0.2634574408443916,0.45756497366034615,-0.47970410541808706,0.41330356888720376
12,AR1 + Sample Covariance + Two-Step,0.21917561025847818,1.568308106781644,0.0998172927968053,0.0019999999999999996,0.00044465785887271887,False,1016,0.000912085494543453,0.01662210165911401,0.22984554462495016,0.2638676835434988,0.871063638935762,-0.3772181430917507,1.1947371314422957,1016,0.0004674276356707341,0.016590247590317835,0.117791764189025,0.2633620158778175,0.4472617806953322,-0.48148202701281395,0.3978231644739678
13,Simple + EWMA Covariance + One-Step,0.18144903515970184,0.6583614865085466,0.09999752295240959,0.0019999999999999996,0.00036777273003966136,False,1016,0.0013267053825596227,0.018007849629252684,0.33432975640502494,0.28586575059629576,1.1695341456877457,-0.26749557043410044,2.263652770213311,1016,0.0009589326525199617,0.01805491279792775,0.24165102843503034,0.28661285523764524,0.8431269708215469,-0.36103529536421164,1.2446392748412816
13,Simple + EWMA Covariance + Two-Step,0.18452359078116143,0.666953947998736,0.09997480910350184,0.0019999999999999996,0.00037414901776577144,False,1016,0.0013262905593240696,0.01800223718691825,0.33422522094966556,0.2857766558363081,1.169532969624743,-0.26706853396691654,2.262604282199946,1016,0.0009521415415582978,0.018048840170794653,0.23993966847269105,0.2865164552704512,0.8374376551818115,-0.36322031111571007,1.2294560535011798
13,AR1 + Sample Covariance + One-Step,0.22065858884206502,1.56,0.09984091108466,0.0019999999999999996,0.0004428994642705635,False,1016,0.001294325896014516,0.016654352195696016,0.3261701257956581,0.2643796449401651,1.233718752703059,-0.21002244750012022,2.233034013152953,1016,0.0008514264317439522,0.01660962667785307,0.21455946079947594,0.263669649355339,0.8137434904778181,-0.30459380796139346,1.0636112252423393
13,AR1 + Sample Covariance + Two-Step,0.2271362134819634,1.546253722669511,0.09981417763171217,0.0019999999999999996,0.00045539583937594097,False,1016,0.0012937577932634144,0.01664895560720368,0.3260269639023804,0.2642939767536918,1.2335769732891813,-0.20997372258050895,2.231460092856594,1016,0.0008383619538874737,0.016605176102743376,0.21126721237964338,0.2635989986657502,0.8014719837670371,-0.3077820919841199,1.0365663409058996
13,AR1 + EWMA Covariance + One-Step,0.2288971573138599,1.2875010951304224,0.0999975379381057,0.0019999999999999996,0.00044623236861905506,False,1016,0.0013513772094201776,0.018537398693445745,0.34054705677388475,0.29427208138146665,1.157252346791375,-0.23569070428197925,2.312235953220789,1016,0.0009051448408011226,0.018506827055876685,0.2280964998818829,0.2937867716803883,0.7764015329118695,-0.387984744955581,1.1066157339760556
13,AR1 + EWMA Covariance + Two-Step,0.23458091354488225,1.2817579400466514,0.09997264561696999,0.0019999999999999996,0.0004571931415184173,False,1016,0.0013521571834372063,0.01853352681399198,0.340743610226176,0.29421061720062014,1.158162181461403,-0.2354097820952873,2.3150946829043835,1016,0.0008949640419187892,0.01850342496550102,0.2255309385635349,0.2937327651699576,0.7678099459998606,-0.39221971911873243,1.085080931267115
13,Simple + Sample Covariance + One-Step,0.19656341950716452,0.7999984792092775,0.09999786447843181,0.0019999999999999996,0.0004099108689350015,False,1016,0.0011216429395777112,0.016687891262388593,0.2826540207735832,0.2649120611182077,1.0669730158018693,-0.24135541532189808,1.7125047416077082,1016,0.0007117320706427102,0.01665730004453605,0.17935648180196295,0.2644264405897651,0.6782849755944759,-0.33461240187161856,0.7897573623571392
13,Simple + Sample Covariance + Two-Step,0.20023199951446524,0.7919308764650617,0.09997336414367222,0.0019999999999999996,0.0004174305504740831,False,1016,0.0011221571586597916,0.016682694645522585,0.2827836039822675,0.26482956738288965,1.0677946831118745,-0.24130106039122579,1.7141547166065694,1016,0.0007047266081857087,0.016651653594241995,0.17759110526279862,0.26433680597015496,0.6718364648880928,-0.3379325565982829,0.7772359905630026
14,AR1 + EWMA Covariance + One-Step,0.2103833556829146,1.6906241730301532,0.09999780309193973,0.001999999999999999,0.0004287443840272063,False,1016,0.0013688308285597888,0.017056975807348797,0.3449453687970668,0.2707710966305405,1.2739371856507085,-0.2991585499244592,2.464060888031628,1016,0.0009400864445325828,0.017032691667591113,0.23690178402221085,0.2703855978629287,0.8761627316492929,-0.4139635625005874,1.2424633905970315
14,AR1 + EWMA Covariance + Two-Step,0.2158725656010059,1.664816135403016,0.0999743606512865,0.001999999999999999,0.00043997783448660425,False,1016,0.0013729332278202325,0.017059934290047346,0.3459791734106986,0.2708180610874112,1.2775336032666886,-0.29788047349711955,2.4783387369906285,1016,0.0009329553933336282,0.017034771508440256,0.2351047591200743,0.27041861431284925,0.8694104128796397,-0.41652795830783707,1.226206690290065
14,AR1 + Sample Covariance + One-Step,0.21021133472975395,1.4544866853095841,0.09984103785695639,0.001999999999999999,0.000438653326971022,False,1016,0.0012477213617861078,0.01635670255787531,0.31442578317009917,0.2596546034231529,1.2109386046881943,-0.2619911673648543,2.0996345495963116,1016,0.0008090680348150857,0.01630359250428455,0.2038851447734016,0.2588115074596421,0.7877746502643224,-0.3790699419250966,0.987223087027066
14,AR1 + Sample Covariance + Two-Step,0.2167125855320146,1.4702395415187537,0.09981649052705963,0.001999999999999999,0.00045273507467388324,False,1016,0.001250788703445037,0.01636548192942161,0.31519875326814933,0.25979397162582657,1.213264308234683,-0.2626304721021129,2.10886776345365,1016,0.0007980536287711537,0.01630808182112441,0.20110951445033073,0.25888277315513114,0.7768362181821161,-0.38372976824256744,0.9649798100490254
14,Simple + Sample Covariance + One-Step,0.20356305034063843,1.000009467633929,0.09999799781419795,0.001999999999999999,0.0004207910631082528,False,1016,0.0010644759105843805,0.016466658263071175,0.2682479294672639,0.2614000961302388,1.026196751410578,-0.4126765356423243,1.5694280111762033,1016,0.0006436848474761277,0.016471717694824684,0.16220858156398418,0.26148041211940937,0.6203469707318228,-0.5047711434958864,0.6757206211324898
14,Simple + Sample Covariance + Two-Step,0.20741677026518263,0.9933275585027113,0.09997544828190735,0.001999999999999999,0.00042868052130399945,False,1016,0.0010646990614390248,0.016460499780288525,0.26830416348263425,0.26130233324686064,1.026795896342643,-0.41195429295199393,1.5702640452112426,1016,0.0006360185401350252,0.01646606328701703,0.16027667211402635,0.261390651178187,0.6131691068199971,-0.506595993898248,0.662874743680907
14,Simple + EWMA Covariance + One-Step,0.2007030643387221,0.7843993590930256,0.09999780757654748,0.001999999999999999,0.0004098642591736307,False,1016,0.0010280984434507974,0.017402881954907537,0.25908080774960096,0.27626218649099354,0.9378077073825204,-0.4479242743402272,1.4366015145987001,1016,0.0006182341842771663,0.01746158421068271,0.1557950144378459,0.2771940559120712,0.5620431286855072,-0.5415542903078377,0.605238953756402
14,Simple + EWMA Covariance + Two-Step,0.20413117763875294,0.789123302057183,0.09997604769855105,0.001999999999999999,0.00041691360109026793,False,1016,0.0010294121258629884,0.017398414562176796,0.25941185571747305,0.27619126882994716,0.9392471268785644,-0.44709171087480626,1.4400504215983485,1016,0.0006124985247727205,0.01745660329196241,0.15434962824272555,0.277114986278664,0.5569876617481566,-0.5429558928919054,0.596059786557269
15,Simple + EWMA Covariance + One-Step,0.18719558391509591,0.737959475909795,0.09999772143797878,0.0020000000000000005,0.00038573085924732995,False,1014,0.0011553217349112882,0.018423065743740023,0.29114107719764465,0.2924571020719759,0.9955001097083723,-0.25352321963828706,1.716061572051986,1014,0.0007695908756639583,0.018516403135282276,0.1939369006673175,0.29393878722824146,0.6597866940123381,-0.3751494922958142,0.8339084416420943
15,Simple + EWMA Covariance + Two-Step,0.19012042392708894,0.7321105196081209,0.09997658242097009,0.0020000000000000005,0.00039182405846225504,False,1014,0.00115474184772142,0.018421164329409902,0.2909949456257978,0.29242691805523513,0.9951031442694792,-0.2532929367214751,1.7145633282489503,1014,0.0007629177892591648,0.018514819047217485,0.1922552828933095,0.2939136406097959,0.6541216749737399,-0.3769432325186841,0.821601355834995
15,Simple + Sample Covariance + One-Step,0.19391754884660684,0.7680053881137188,0.09999752726332384,0.0020000000000000005,0.00040027621031799146,False,1014,0.001073196897751693,0.016920738259576382,0.27044561823342667,0.26860839260673,1.0068397923418073,-0.23394265449471874,1.5666446747238147,1014,0.0006729206874337015,0.016925203887106544,0.16957601323329277,0.2686792822460859,0.6311465916377449,-0.2791190959170432,0.7105247068491265
15,Simple + Sample Covariance + Two-Step,0.19747472105053449,0.7686757917993431,0.09997608723596563,0.0020000000000000005,0.0004077270107807692,False,1014,0.0010733727630912854,0.016915380170078008,0.2704899362990039,0.2685233355728392,1.0073237609758177,-0.23310475371799866,1.567332706414279,1014,0.000665645752310516,0.01692015717397563,0.16774272958225003,0.2685991681587898,0.6245094902270296,-0.2813197657134531,0.6981007294371413
15,AR1 + Sample Covariance + One-Step,0.222261266499454,1.638590034767268,0.09984036410851284,0.0020000000000000005,0.00045679290002335757,False,1014,0.001077611317023201,0.0175647174519046,0.2715580518898466,0.2788312453611342,0.9739154288040154,-0.2942250257786433,1.5524869939133072,1014,0.0006208184169998434,0.01752444350860216,0.15644624108396052,0.27819191633136914,0.5623680340790675,-0.3725441620299925,0.6076255367472763
15,AR1 + Sample Covariance + Two-Step,0.22977610647654334,1.6006255663369304,0.09981469836896971,0.0020000000000000005,0.0004731100212718128,False,1014,0.0010808796223291614,0.01757679413584833,0.27238166482694864,0.27902295677539873,0.9761980446870684,-0.2941142196773965,1.5604590174811288,1014,0.0006077696010573484,0.017530959248417535,0.1531579394664518,0.27829535049432363,0.5503431487245625,-0.37584449651181706,0.5863447245114117
15,AR1 + EWMA Covariance + One-Step,0.22475962208938358,1.981168120413478,0.09999774509081087,0.0020000000000000005,0.00046723151967169806,False,1014,0.0011093038048913767,0.018905790297930034,0.2795445588326269,0.30012011680476364,0.9314422565498277,-0.2849106304897866,1.5689032459877863,1014,0.0006420722852196785,0.01890997408267191,0.16180221587535898,0.30018653232855985,0.539005579698237,-0.3758322075600091,0.5996421764367643
15,AR1 + EWMA Covariance + Two-Step,0.23015805694522518,1.9719505339198493,0.09997142380972597,0.0020000000000000005,0.00047882418777924087,False,1014,0.0011103134282871051,0.01890744772881303,0.2797989839283505,0.3001464277043538,0.932208276035037,-0.28367116559262273,1.5714491476049663,1014,0.0006314892405078644,0.01891111153645018,0.15913528860798185,0.3002045888475106,0.5300894607204517,-0.38069495518395613,0.5825374190549992
16,Simple + EWMA Covariance + One-Step,0.19496603692164255,0.6895783439691023,0.09999751962902322,0.0020000000000000005,0.0003856767686869303,False,1013,0.00136379258460054,0.021040155440393216,0.3436757313193361,0.3340021130485388,1.0289627457218857,-0.27538585348171873,2.206060769873229,1013,0.0009781158159136093,0.021122197936486502,0.24648518561022956,0.3353044972981497,0.7351084986821909,-0.3539789042836168,1.1656944123803181
16,AR1 + Sample Covariance + One-Step,0.22147629838432245,1.7071322355387493,0.09984042688362252,0.0020000000000000005,0.0004582316720389461,False,1013,0.0013617258901461188,0.019596042691527312,0.34315492431682193,0.31107753385671644,1.1031170270074226,-0.2056016808486102,2.2932666768505685,1013,0.0009034942181071729,0.019526193106307054,0.22768054296300755,0.3099687060666736,0.734527513606596,-0.29716335540243843,1.073316410607454
16,Simple + EWMA Covariance + Two-Step,0.1984342080084423,0.6945348212525488,0.09997535780364894,0.0020000000000000005,0.0003928191339097732,False,1013,0.001365373507179144,0.02102379109853846,0.34407412380914426,0.3337423371750372,1.0309573748465972,-0.2752340467738902,2.212164352736906,1013,0.000972554373269371,0.02110561940666053,0.24508370206388147,0.3350413212960142,0.7315029116881563,-0.35514868540591826,1.1541982898594916
16,AR1 + Sample Covariance + Two-Step,0.22754038960642264,1.784081224502318,0.09981330594034502,0.0020000000000000005,0.00047283933447791755,False,1013,0.001361488856195411,0.019582758150405187,0.34309519176124353,0.31086664830417193,1.1036732104678437,-0.20604250660871237,2.293210477827934,1013,0.0008886495217174935,0.01950673420225816,0.22393967947280835,0.3096598055412781,0.7231796812678579,-0.3010341833045461,1.0430866334262117
16,AR1 + EWMA Covariance + One-Step,0.22357345514295884,1.58268295722354,0.09999742872835977,0.0020000000000000005,0.0004549477650385132,False,1013,0.0013576751634816978,0.020498811413597016,0.34213414119738783,0.3254085430367406,1.051398767852136,-0.23850270405656449,2.2212577362171686,1013,0.0009027273984431842,0.02050846222008256,0.22748730440768242,0.3255617448402124,0.6987531797365644,-0.33839944829898594,1.0317016353647084
16,AR1 + EWMA Covariance + Two-Step,0.2284314157873472,1.5362061022574642,0.09996956013368308,0.0020000000000000005,0.00046436691867780903,False,1013,0.001359733265378704,0.020488285458105635,0.3426527828754334,0.3252414486734914,1.053533564903719,-0.23783977482832908,2.2285194338029854,1013,0.0008953663467008949,0.020497397665163168,0.22563231936862552,0.3253861004761064,0.6934294951089777,-0.34192927886355395,1.0169785345709323
16,Simple + Sample Covariance + One-Step,0.19717565270121115,0.9370339079477682,0.09999766681980266,0.0020000000000000005,0.0004104894931349071,False,1013,0.0011421249782042333,0.01973334337315719,0.2878154945074668,0.3132571146073103,0.918783584111932,-0.32866779917412714,1.632396270809652,1013,0.0007316354850693262,0.01974344840145145,0.1843721422374702,0.3134175269584576,0.5882636622996138,-0.4312346170600959,0.7365254463982973
16,Simple + Sample Covariance + Two-Step,0.20070710098296796,0.9325055190347287,0.09997395197591391,0.0020000000000000005,0.00041771032460059733,False,1013,0.0011411772820840063,0.01971628334739601,0.2875766750851696,0.3129862950941637,0.9188155506893697,-0.32848187315513033,1.6306339783058377,1013,0.0007234669574834092,0.019725901543955763,0.1823136732858191,0.31313897923111195,0.5822132834866995,-0.4325201424237701,0.7227397166618104
17,AR1 + Sample Covariance + One-Step,0.21247357896116068,1.4201783499317018,0.09984009625474882,0.001999999999999999,0.00043579300968742287,False,1012,0.0013163682549344837,0.01629555537453935,0.3317248002434899,0.25868392198027873,1.282355693790585,-0.18800241402580387,2.311447886712414,1012,0.000880575245247061,0.016266821206490128,0.22190496180225938,0.2582277812035473,0.8593380648976086,-0.32404181230854034,1.1321661015607578
17,AR1 + Sample Covariance + Two-Step,0.21864957899659443,1.3707385978724203,0.09981575114177083,0.001999999999999999,0.00044927824157121345,False,1012,0.0013128264729045454,0.0162802018212875,0.3308322711719454,0.2584401918784053,1.2801115367055609,-0.18764818819476425,2.3004412737039375,1012,0.000863548231333332,0.01625207400150939,0.21761415429599967,0.25799367658207334,0.8434863876470706,-0.328100922378878,1.0962710672071356
17,AR1 + EWMA Covariance + One-Step,0.2212301000873963,1.7218768354131926,0.09999752167774748,0.001999999999999999,0.000444259629841968,False,1012,0.0012119359774370282,0.01697287778788163,0.3054078663141311,0.26943608195896135,1.1335076731135392,-0.28965867300389503,1.9458222074983604,1012,0.0007676763475950603,0.016945938668632175,0.1934544395939552,0.2690084366985223,0.7191389309873562,-0.4116618304691141,0.8804784000578099
17,AR1 + EWMA Covariance + Two-Step,0.22694711561366307,1.7081365812104579,0.0999706726170456,0.001999999999999999,0.0004562942519628586,False,1012,0.0012095566866191071,0.016972026702790417,0.304808285028015,0.26942257140198594,1.13133908358863,-0.2894575006811341,1.9387833804859653,1012,0.0007532624346562486,0.016944860302423766,0.18982213353337465,0.2689913181656641,0.7056812644654524,-0.4166803144877229,0.85329201397194
17,Simple + Sample Covariance + One-Step,0.19419414268729315,1.0000012445251927,0.09999788302545215,0.001999999999999999,0.00039449056284375717,False,1012,0.0009330687735061375,0.016271345560112994,0.23513333092354666,0.25829960309072375,0.9103123973479731,-0.4161099660582289,1.2487008594311133,1012,0.0005385782106623802,0.016265698806438092,0.1357217090869198,0.25820996365509197,0.5256253754336615,-0.5196034399205005,0.5088351466097634
17,Simple + Sample Covariance + Two-Step,0.19762545468640647,0.9946916661834577,0.0999763047854967,0.001999999999999999,0.0004015513729077157,False,1012,0.0009317732790235496,0.01626452611772219,0.2348068663139345,0.25819134779884656,0.9094296471037031,-0.41549609666289045,1.2460010093217182,1012,0.0005302219061158342,0.016259481988763605,0.13361592034119021,0.25811127473401446,0.51766789528618,-0.5211860102689594,0.49628098970885004
17,Simple + EWMA Covariance + One-Step,0.19258112413537268,0.9999993225526681,0.09999783565999955,0.001999999999999999,0.0003856168644739301,False,1012,0.000939524303821043,0.017182946849876923,0.23676012456290285,0.2727708249360903,0.8679818474661846,-0.42429636536881155,1.2288335486582738,1012,0.0005539074393471127,0.01723934629513128,0.1395846747154724,0.27366613837344045,0.5100546072126665,-0.5318665215335914,0.5073428997432206
17,Simple + EWMA Covariance + Two-Step,0.1957573690367026,0.994722195648962,0.09997703316687467,0.001999999999999999,0.00039202123837044306,False,1012,0.0009386586440808815,0.017177838473809957,0.23654197830838214,0.27268973198003077,0.867439989730542,-0.4248761286451831,1.2270776797992693,1012,0.0005466374057104382,0.017234182001074006,0.13775262623903042,0.27358415774680395,0.5035109758311277,-0.534341980281594,0.4964300721609418
18,AR1 + Sample Covariance + One-Step,0.21055458348241562,1.7129008546161129,0.09983965603545882,0.001999999999999999,0.00042932679936034663,False,1014,0.0013308477943156502,0.016565669616652484,0.33537364416754384,0.262971852641527,1.2753214490400695,-0.19434593485327145,2.3528063956350893,1014,0.0009015209949553037,0.016490780277156388,0.22718329072873655,0.2617830212325877,0.8678305019900044,-0.2564372943866454,1.1726858796342303
18,AR1 + Sample Covariance + Two-Step,0.2168921985724815,1.7553717910457085,0.09981313621543429,0.001999999999999999,0.000442330083734413,False,1014,0.0013284944230268667,0.01656000787748228,0.33478059460277043,0.26288197531853214,1.273501517923088,-0.1934863316045895,2.3451393710623187,1014,0.0008861643392924538,0.016483272497709905,0.22331341350169834,0.2616638389287054,0.8534362807485362,-0.2584129460548906,1.1394000794208878
18,AR1 + EWMA Covariance + One-Step,0.21058484711446415,1.6374580812293122,0.0999970474067571,0.001999999999999999,0.0004215312053833711,False,1014,0.001329665447653977,0.01837377478998325,0.33507569280880223,0.2916746324388223,1.148799571656555,-0.2449555210863258,2.243510821166759,1014,0.0009081342422706058,0.018348422843472986,0.22884982905219267,0.29127218276451683,0.7856906446751546,-0.34796271896550623,1.1168635750488511
18,AR1 + EWMA Covariance + Two-Step,0.2159922522119121,1.6135670823361812,0.09997344614272224,0.001999999999999999,0.0004325230692369723,False,1014,0.0013311299329281264,0.018370266484103035,0.33544474309788785,0.2916189398095291,1.1502844887817767,-0.24441525969002498,2.2485428283992785,1014,0.0008986068636911539,0.01834345252695655,0.22644892965017077,0.29119328143587825,0.7776584972481091,-0.3504902360473804,1.0967171376208316
18,Simple + Sample Covariance + One-Step,0.20140143370506355,0.6794507538161753,0.09999775086394057,0.001999999999999999,0.0003941006274767043,False,1014,0.0009598748315819686,0.016874329612366446,0.2418884575586561,0.2678716781715274,0.9030012400331723,-0.2527924774274982,1.2909381066484222,1014,0.0005657742041052646,0.016895094888896654,0.14257509943452668,0.2682013167171539,0.5315973134646721,-0.28730826471244875,0.5358738660114863
18,Simple + EWMA Covariance + One-Step,0.19534950185004343,0.6614514043845078,0.0999977056866849,0.001999999999999999,0.00038624404844538366,False,1014,0.0009907500731907595,0.018242800879149333,0.2496690184440714,0.2895954860609977,0.8621302142516248,-0.2839104207551928,1.307423666141677,1014,0.0006045060247453761,0.018316518391105617,0.15233551823583477,0.29076571528443823,0.5239115556894811,-0.38739255050413957,0.5577270482849805
18,Simple + Sample Covariance + Two-Step,0.20498376465760604,0.6774922614098731,0.09997376411188881,0.001999999999999999,0.0004012086725095634,False,1014,0.0009581373724401556,0.016870005315770407,0.24145061785491923,0.267803032091197,0.9015977749374258,-0.2527867953490367,1.2870733237552319,1014,0.000556928699930592,0.01689059747617233,0.1403460323825092,0.2681299225034833,0.5234254762471949,-0.28779261660989963,0.5222787713880248
18,Simple + EWMA Covariance + Two-Step,0.19853238189713832,0.6711238523731166,0.09997664378477854,0.001999999999999999,0.00039261646286163415,False,1014,0.0009891136728545774,0.018235053086078205,0.2492566455593535,0.28947249365894295,0.8610719533615797,-0.2842452723312088,1.3039208049386124,1014,0.0005964972099929432,0.01830814175757742,0.15031729691822168,0.29063274034960107,0.5172070315870316,-0.3897764885700421,0.5453654525347174
19,AR1 + EWMA Covariance + One-Step,0.2371588294653067,1.6927224186954242,0.09999776439644945,0.002,0.0004770485275146221,False,1016,0.001423273724912613,0.015933166254503372,0.3586649786779785,0.2529311730435743,1.4180339036983338,-0.22775699799473714,2.7297891522186593,1016,0.0009462251973979916,0.015891584804595973,0.2384487497442939,0.25227108798992354,0.9452083932575668,-0.3566331492069946,1.2995700284565035
19,AR1 + EWMA Covariance + Two-Step,0.24313176111943513,1.6879856011242056,0.09997092331612342,0.002,0.0004890674801676075,False,1016,0.001430020864624048,0.015927576125845017,0.36036525788526014,0.25284243250221317,1.4252562527538009,-0.2261280157533837,2.7557722543290337,1016,0.0009409533844564405,0.015884877773385632,0.23712025288302302,0.2521646171702149,0.9403391147575765,-0.35770602850346234,1.2875533571974995
19,AR1 + Sample Covariance + One-Step,0.23312754935617616,1.5800578328077683,0.0998404820304551,0.002,0.0004763210235927273,False,1016,0.0011686393354108763,0.01464206340293003,0.2944971125235408,0.23243555066995794,1.2670054631260168,-0.2648837597132293,1.938099206028074,1016,0.0006923183118181489,0.014602602033221754,0.17446421457817352,0.2318091208461055,0.752620146875056,-0.4004268470817257,0.812473543760218
19,AR1 + Sample Covariance + Two-Step,0.23998588815843133,1.5693059804188614,0.09981630342038365,0.002,0.0004918243671766135,False,1016,0.0011628268999514212,0.014620509223202668,0.2930323787877581,0.23209338867432242,1.2625623696629567,-0.2657976857266502,1.9217166698756585,1016,0.0006710025327748075,0.014584257757283817,0.1690926382592515,0.23151791449342551,0.7303652446474214,-0.4048274584149878,0.7741342180916138
19,Simple + Sample Covariance + One-Step,0.20574843765741865,0.8000025028825964,0.09999740446811797,0.002,0.0004257491482480161,False,1016,0.0008068004537413047,0.014834249382509122,0.2033137143428088,0.23548640851459562,0.8633777024554148,-0.3280194683972708,1.028949451521664,1016,0.00038105130549328836,0.014878346895757451,0.09602492898430867,0.23618643483554436,0.4065641155520656,-0.4368457513591193,0.31571449353020276
19,Simple + Sample Covariance + Two-Step,0.20953915567776737,0.7975813595361091,0.09997553083006845,0.002,0.000433686985756173,False,1016,0.000807081256591438,0.014830841837721119,0.20338447666104237,0.2354323154180534,0.8638766360509847,-0.3279719616876996,1.0296334875948538,1016,0.0003733942708352646,0.0148738470111292,0.09409535625048669,0.23611500138161537,0.3985149427181345,-0.43892710620760833,0.3056098572100363
19,Simple + EWMA Covariance + One-Step,0.20479274718492205,0.8000006529149879,0.0999974029533642,0.002,0.00041645770303297213,False,1016,0.000770965498952543,0.01589706136432161,0.19428330573604083,0.2523580256803689,0.7698717138567084,-0.34644165882018807,0.9244391314017397,1016,0.0003545077959195709,0.01599635180679969,0.08933596457173187,0.2539342125905443,0.3518075160505508,-0.4634418193516405,0.25853430522973175
19,Simple + EWMA Covariance + Two-Step,0.20879812534559958,0.8010219152740996,0.09997506466378556,0.002,0.00042467946259185866,False,1016,0.0007708927843791803,0.01589629351977791,0.19426498166355344,0.2523458365261198,0.7698362863357385,-0.3466704736501883,0.9243193991454832,1016,0.00034621332178732194,0.015995474252799367,0.08724575709040513,0.25392028185266297,0.34359507028678166,-0.4659463469092545,0.2479901777866338
20,AR1 + EWMA Covariance + One-Step,0.24046117861456048,1.5999995373531428,0.09999800526761526,0.002,0.0004954679336463324,False,1014,0.0015220837169126183,0.02000220680475663,0.3835650966619798,0.3175251892672196,1.2079832077170514,-0.2902202418589145,2.8199871165965495,1014,0.0010266157832662859,0.019944995668562417,0.25870717738310406,0.31661699063565957,0.8170982134082816,-0.38703232173759783,1.3147112708845357
20,AR1 + EWMA Covariance + Two-Step,0.24533295982349324,1.5880753454366345,0.09997030638026783,0.002,0.000505504645255091,False,1014,0.0015225210387568554,0.020000762191182422,0.38367530176672754,0.31750225673767196,1.2084175580639396,-0.28991433978540193,2.8217818474906764,1014,0.0010170163935017643,0.019943283442646044,0.2562881311624446,0.31658980989188107,0.8095274173542409,-0.3894455601072644,1.2923782760609202
20,AR1 + Sample Covariance + One-Step,0.24749827934267038,1.485350682108364,0.099840710801152,0.002,0.000516235304532695,False,1014,0.0012576912052268696,0.0187124220684198,0.31693818371717114,0.297050491324294,1.0669505453575079,-0.2717232147415475,1.9968018546442488,1014,0.0007414559006941746,0.01865416309736197,0.186846886974932,0.29612565882994885,0.630971621011165,-0.36979717501123543,0.7777837235051586
20,Simple + EWMA Covariance + One-Step,0.1977492108190931,0.7669108910074802,0.09999790326892093,0.002,0.0003997469736457907,False,1014,0.00119082680507637,0.01990460817610794,0.30008835487924523,0.31597585906898734,0.9497192467913399,-0.3487593411843799,1.7370314101464102,1014,0.000791079831430579,0.01999859067955033,0.1993521175205059,0.3174677850591863,0.6279443990934078,-0.45346009094231,0.8216730526335556
20,Simple + EWMA Covariance + Two-Step,0.2007056921624898,0.7682399070292832,0.09997358552178004,0.002,0.0004057241646027384,False,1014,0.001190320955730733,0.01989866658204336,0.2999608808441447,0.3158815391872703,0.9495992757788638,-0.3492523500598538,1.735944051205991,1014,0.0007845967911279943,0.0199930538606447,0.19771839136425456,0.31737989078391415,0.6229707587204059,-0.45527026221397526,0.8099365418953672
20,AR1 + Sample Covariance + Two-Step,0.2533962986952481,1.547392264623455,0.09981150424093328,0.002,0.0005280618018485169,False,1014,0.0012557077950846015,0.01870848828805939,0.31643836436131956,0.29698804449701804,1.0654919287988267,-0.27173242237221695,1.9909996161527586,1014,0.0007276459932360847,0.018649844610900475,0.18336679029549335,0.2960571049826449,0.6193629107676455,-0.3728700443552009,0.7532109363942487
20,Simple + Sample Covariance + One-Step,0.19295770991200872,0.8000096841131968,0.09999800980278033,0.002,0.00039472368775490764,False,1014,0.0010829662667269225,0.01871032826236766,0.2729074992151845,0.29701725318364863,0.9188270926687317,-0.33682723695000505,1.5109716894402623,1014,0.0006882425789720147,0.018748842365657836,0.1734371299009477,0.29762864561929536,0.5827299638449308,-0.43591878881284696,0.681684901347126
20,Simple + Sample Covariance + Two-Step,0.19614746834466765,0.7943886296358387,0.09997389442942237,0.002,0.00040097446500418225,False,1014,0.0010807792693432949,0.018701604234164226,0.2723563758745103,0.29687876352930664,0.9173993203041092,-0.33736253458922616,1.5058244740215234,1014,0.0006798048043391127,0.018739603036265748,0.17131081069345638,0.2974819758121805,0.5758695471406171,-0.4384812341515053,0.6676545281998805
21,Simple + EWMA Covariance + One-Step,0.18969723075455824,0.6244115504750738,0.09999759111147365,0.0020000000000000005,0.00037455816186879434,False,1007,0.0015965350002801262,0.018787921225459314,0.40232682007059184,0.2982490032866234,1.348962831852107,-0.28601183846943834,3.1755349105468236,1007,0.0012219768384113324,0.018876374699723485,0.3079381632796558,0.29965315865963926,1.0276486477134954,-0.3537278090685545,1.8596549638103417
21,Simple + EWMA Covariance + Two-Step,0.1928420906163994,0.6356051645900076,0.09997417202572352,0.0020000000000000005,0.00038088103821923264,False,1007,0.0015944209638530723,0.018782780410480863,0.40179408289097424,0.2981673953788083,1.3475453356679488,-0.2864869155900296,3.167060819969514,1007,0.0012135399256338393,0.01887128399035959,0.30581206125972754,0.29957234615379663,1.020828741991851,-0.3554000920398541,1.8357506032839654
21,Simple + Sample Covariance + One-Step,0.2029803658778297,0.8683678191376877,0.09999793283504795,0.0020000000000000005,0.00041807208477947827,False,1007,0.0013908436277417463,0.017430049566631106,0.35049259419092005,0.2766934589570103,1.2667180334225967,-0.31912212290726516,2.480247802912166,1007,0.0009727715429622678,0.01746183929467336,0.24513842882649148,0.27719810524488736,0.8843438111163381,-0.3832800145311218,1.2837655895958653
21,Simple + Sample Covariance + Two-Step,0.20670584126549954,0.8663062117720499,0.09997493165917633,0.0020000000000000005,0.0004256872176030611,False,1007,0.0013898207794230681,0.017426451309258958,0.35023483641461317,0.2766363383920508,1.2660478317865027,-0.31817825578406533,2.476889332254962,1007,0.0009641335618200068,0.01745803508734112,0.24296165757864172,0.2771377153256664,0.876682039805141,-0.38384674597683777,1.264152725799831
21,AR1 + EWMA Covariance + One-Step,0.2053753068730942,1.2846646305033382,0.09999758796553662,0.0020000000000000005,0.00042444296782214667,False,1007,0.001304205418477026,0.017897751118266927,0.32865976545621056,0.2841179909175748,1.1567721016004149,-0.30810397917250343,2.1634727610750972,1007,0.0008797624506548794,0.017891763834870685,0.2217001375650296,0.28402294574020287,0.7805712210583851,-0.40023075840222755,1.0639042368466676
21,AR1 + EWMA Covariance + Two-Step,0.21051713697174515,1.2709527862282848,0.09996971974238932,0.0020000000000000005,0.000434675969717616,False,1007,0.001304494940749651,0.01790152301532566,0.32873272506891205,0.28417786792710487,1.1567851059859315,-0.3078378715827549,2.164178329657334,1007,0.0008698189710320349,0.017895441455007877,0.2191943807000728,0.2840813261500003,0.7715902473094414,-0.4037099634743554,1.0432171610593617
21,AR1 + Sample Covariance + One-Step,0.20013341025264444,1.6193275835911354,0.09983928955946902,0.0020000000000000005,0.0004295106447695416,False,1007,0.0012233221901336844,0.01731486325983906,0.30827719191368846,0.2748649330237398,1.1215588271751742,-0.27025835034258305,1.9470201790017865,1007,0.0007938115453641427,0.01726547636062395,0.20004050943176396,0.2740809403036531,0.7298592496440648,-0.3452839912851935,0.914249800439122
21,AR1 + Sample Covariance + Two-Step,0.20627397253972327,1.5440737747637554,0.0998128218563855,0.0020000000000000005,0.0004428027187160133,False,1007,0.001221842140721063,0.01730682755231519,0.3079042194617079,0.27473737012144017,1.1207220165411325,-0.26931022856647135,1.9430216650020018,1007,0.0007790394220050499,0.017257127849038583,0.19631793434527256,0.2739484117908185,0.7166237360601199,-0.3485399859549233,0.8862618385175478
22,AR1 + Sample Covariance + One-Step,0.2251891569598558,1.464405562008303,0.09984020904134763,0.002,0.0004555023089796309,False,1014,0.0009835341885872113,0.015512746445752595,0.24785061552397725,0.246257215482375,1.006470470473245,-0.28268064828769934,1.3988720353562387,1014,0.00052803187960758,0.015493962619626767,0.13306403366111016,0.24595903148677967,0.5410008034946355,-0.4644443094641062,0.5121717312320024
22,AR1 + Sample Covariance + Two-Step,0.2321630069027037,1.3136909871406055,0.09981496397808738,0.002,0.00047103734635384615,False,1014,0.0009866408219078478,0.015509295656463728,0.24863348712077765,0.24620243590066362,1.0098741964563458,-0.2816042185590819,1.4065700384825397,1014,0.0005156034755540018,0.015486167963814107,0.12993207583960845,0.24583529516176583,0.5285330397903599,-0.4694627495880934,0.49342311366971825
22,AR1 + EWMA Covariance + One-Step,0.23669278360015467,1.9216892367278788,0.09999793014814796,0.002,0.00047637845801981523,False,1014,0.0009404975689276646,0.01654527008464784,0.23700538736977148,0.2626480201102487,0.90236883289768,-0.2911978026595683,1.258611771203138,1014,0.0004641191109078494,0.016555482292041877,0.11695801594877805,0.2628101338768585,0.4450285619639749,-0.4415699751816905,0.3932792653737458
22,AR1 + EWMA Covariance + Two-Step,0.24308821740090888,1.8930134188238001,0.09997165293892242,0.002,0.0004892411527482163,False,1014,0.000939929270346051,0.01654438726540024,0.23686217612720487,0.262634005789158,0.9018716956149132,-0.29165446899655634,1.2573439035385943,1014,0.00045068811759783444,0.01655386533460618,0.11357340563465428,0.2627844654733259,0.4321922356791011,-0.4468246798146137,0.37447356069482396
22,Simple + EWMA Covariance + One-Step,0.20063905104777266,0.8000326944275907,0.09999779800919208,0.002,0.00039721689017251685,False,1014,0.0007811864673859352,0.01730255010003478,0.19685898978125566,0.2746694676715667,0.7167123140772524,-0.45862033214872866,0.8977204230410092,1014,0.00038396957721341846,0.01736803117808229,0.09676033345778146,0.2757089475601315,0.3509510094396855,-0.5547290572527888,0.2671443017322308
22,Simple + EWMA Covariance + Two-Step,0.2045385676258645,0.7963251505793221,0.09997786428898692,0.002,0.0004047936202285393,False,1014,0.0007810526989835893,0.017300073314228392,0.1968252801438645,0.27463014991579987,0.7166921774765446,-0.4584141009867754,0.8975384676238174,1014,0.00037625907875505016,0.01736596036679006,0.09481728784627264,0.27567607444998316,0.34394456622849096,-0.556641846624049,0.2573188109442959
22,Simple + Sample Covariance + One-Step,0.21127155792069832,0.6779791055335983,0.0999976953042785,0.002,0.0004215919990898588,False,1014,0.0006246695276452613,0.016005884187425556,0.15741672096660583,0.254085534441775,0.619542239240222,-0.47404027926384773,0.6546984551589221,1014,0.00020307752855540284,0.016006937361923542,0.05117553719596152,0.25410225306862794,0.20139741611082854,-0.5954849454641808,0.07908002943394243
22,Simple + Sample Covariance + Two-Step,0.2157302081597107,0.6859778149755859,0.0999759263580354,0.002,0.00043031319813677206,False,1014,0.0006247768115022335,0.01600419270639762,0.15744375649856285,0.2540586830128912,0.6197141330948881,-0.4742807034211901,0.6549198734165722,1014,0.0001944636133654615,0.016005900027881458,0.0490048305680963,0.25408578590121683,0.19286726486600214,-0.5983165011961413,0.06971110737663211
23,AR1 + Sample Covariance + One-Step,0.2062512521480562,1.8109902274156424,0.09984011727864626,0.002,0.0004280814999225002,False,1011,0.0012506792133369002,0.017783681368344486,0.3151711617608989,0.28230718977511415,1.116412097091697,-0.3716655162477398,2.0313404885428765,1011,0.0008225977134143999,0.017735190531852203,0.2072946237804288,0.2815374216097697,0.7362950992275317,-0.4555549910932427,0.9685022371623484
23,AR1 + Sample Covariance + Two-Step,0.21199548303200522,1.8398546477589157,0.09981154422202952,0.002,0.00043987252537829795,False,1011,0.0012480935554358534,0.01777557600552239,0.31451957596983504,0.28217852112923486,1.1146120360655951,-0.3728984591486214,2.023785416707149,1011,0.0008082210300575552,0.01772734568866317,0.2036716995745039,0.2814128885848548,0.7237468781146124,-0.46120126242817605,0.940330138985586
23,Simple + Sample Covariance + One-Step,0.21258411170348412,1.0000410823648591,0.09999800003647538,0.002,0.00044160219024768043,False,1011,0.0012111882438173727,0.01878172392405785,0.30521943744197794,0.2981506241767755,1.023708866230685,-0.3951828306369096,1.861289766286824,1011,0.0007695860535696922,0.01879732142119004,0.19393568549956244,0.2983982267676964,0.6499223792323061,-0.5330802582422736,0.8306420837273818
23,AR1 + EWMA Covariance + One-Step,0.22134166229767754,1.8624845316134968,0.09999781411750058,0.002,0.00044793625703258143,False,1011,0.001202649971286765,0.01846910150690737,0.3030677927642648,0.29318789715651106,1.033698170025346,-0.37655660577204975,1.8526833102443692,1011,0.0007547137142541835,0.018437410451817928,0.19018785599205426,0.2926848172531996,0.6498043109203169,-0.5060756880298769,0.815028184188159
23,Simple + Sample Covariance + Two-Step,0.215684821600239,0.9930053384830178,0.09997463662581066,0.002,0.0004477690688391437,False,1011,0.001213894395014151,0.01877119265505668,0.30590138754356605,0.2979834454641734,1.026571751551697,-0.39489237323080173,1.8696379614121938,1011,0.0007661253261750075,0.018786764309441303,0.19306358219610187,0.29823063781419473,0.6473633413760306,-0.5342769481461349,0.8245822873361122
23,AR1 + EWMA Covariance + Two-Step,0.2268773969123901,1.8423246961274746,0.09996923518708127,0.002,0.0004592273840539388,False,1011,0.0012029276898041792,0.01846386855866681,0.30313777783065315,0.2931048266785019,1.0342299076608388,-0.3776682746548079,1.853692381731996,1011,0.0007437003057502406,0.018432663936020003,0.18741247704906064,0.29260946865082754,0.6404867139576436,-0.5113346501866236,0.7950580777342444
23,Simple + EWMA Covariance + One-Step,0.2063185748448139,0.8000585693653063,0.09999796797340199,0.002,0.00042566786951322847,False,1011,0.0012127289745412885,0.01956228875906649,0.3056077015844047,0.31054170679034565,0.9841116181883034,-0.4477612101344315,1.8237040999070326,1011,0.0007870611050280598,0.01964687730832576,0.19833939846707108,0.3118845083809682,0.6359386027112276,-0.5726073792463434,0.8334056578631577
23,Simple + EWMA Covariance + Two-Step,0.2093782091538398,0.7970717999605678,0.09997389743487048,0.002,0.00043171045466797924,False,1011,0.0012103333955638107,0.01955152670668005,0.3050040156820803,0.3103708645050786,0.9827082711788803,-0.4487828847050541,1.8173913934023767,1011,0.0007786229408958316,0.01963587647252123,0.19621298110574956,0.31170987552645235,0.6294730982595979,-0.5752703416568441,0.8181798993356006
24,AR1 + Sample Covariance + One-Step,0.20528210368824065,1.4277613556492081,0.09983968876504949,0.0019999999999999996,0.000415892854057045,False,1014,0.0010652417427097745,0.014602163900050579,0.26844091916286317,0.23180216569763315,1.1580604450133665,-0.23830073837542232,1.6420526244842666,1014,0.0006493488886527294,0.014561675856543874,0.16363591994048782,0.2311594379324913,0.7078920134261474,-0.318209294766563,0.734342593366291
24,AR1 + Sample Covariance + Two-Step,0.21168471247745416,1.5184527201077833,0.09981677032600225,0.0019999999999999996,0.0004292216218206038,False,1014,0.0010628858664788739,0.014599190494112032,0.2678472383526762,0.23175496434167173,1.1557346316767323,-0.24037262983466878,1.635860380676951,1014,0.0006336642446582699,0.014559113675920572,0.159683389653884,0.2311187645760316,0.6909148633898684,-0.32459213060198144,0.7070473219957254
24,AR1 + EWMA Covariance + One-Step,0.21829918345464083,1.8064898859345895,0.09999797205200472,0.0019999999999999996,0.0004453735229226806,False,1014,0.0009530689720626824,0.01578475826234788,0.24017338095979596,0.25057526920466716,0.9584879693918434,-0.28533383616556995,1.315687590701847,1014,0.0005076954491400017,0.01579087097308797,0.12793925318328045,0.25067230547939573,0.5103844756149042,-0.3703681308373832,0.47424038249881395
24,AR1 + EWMA Covariance + Two-Step,0.2247918590770165,1.769337107352221,0.09997307341067604,0.0019999999999999996,0.00045848811511580036,False,1014,0.0009517238443093826,0.01578613212624425,0.23983440876596443,0.2505970786178975,0.9570518941749372,-0.2856162431260427,1.312479604710934,1014,0.0004932357291935824,0.01579210030888294,0.12429540375678277,0.2506918205801434,0.49580956996978254,-0.37765310059197643,0.4527574752918324
24,Simple + EWMA Covariance + One-Step,0.19827525793919587,0.9189464398346149,0.09999741100802556,0.0019999999999999996,0.00039653611722254137,False,1014,0.0006027246704132903,0.01622219496000855,0.15188661694414915,0.25751936150272814,0.5898065918532501,-0.46967432591332126,0.6124303677365708,1014,0.00020618855319074882,0.01630321123185894,0.0519595154040687,0.2588054549475225,0.200766693324159,-0.579870457168247,0.07713843146326549
24,Simple + EWMA Covariance + Two-Step,0.20176981383807305,0.9162656320394067,0.09997701133485007,0.0019999999999999996,0.00040351849649886883,False,1014,0.0006020388262652505,0.01621935915629362,0.15171378421884313,0.2574743445143479,0.5892384521067837,-0.47032985342422895,0.6113834821892876,1014,0.00019852032976638162,0.016299623804691677,0.05002712310112817,0.2587485063067357,0.19334265466956194,-0.5823828039387788,0.06885739928415302
24,Simple + Sample Covariance + One-Step,0.20649341629705253,1.0000018207710786,0.0999975787819777,0.0019999999999999996,0.00041790673029308545,False,1014,0.00048050924605642833,0.015324540414957497,0.12108833000621994,0.2432695373660166,0.4977537726971289,-0.4690981608687961,0.44507347465471114,1014,6.260251576334286e-05,0.0153584763360664,0.015775833972362402,0.243808253412613,0.06470590618466023,-0.5854708508789646,-0.05462657973471363
24,Simple + Sample Covariance + Two-Step,0.21077654857934888,0.9953984726305828,0.09997519414383836,0.0019999999999999996,0.00042638106121994695,False,1014,0.00047774889153425376,0.015321612222498955,0.12039272066663195,0.2432230537517992,0.4949889363262769,-0.4704483254407016,0.4410997608239793,1014,5.136783031430674e-05,0.01535520710953127,0.0129446932392053,0.2437563560502641,0.0531050490291052,-0.5890808999971083,-0.06529014619645535
25,AR1 + Sample Covariance + One-Step,0.2014797768879048,1.5188020097486616,0.0998404306804671,0.001999999999999999,0.0004188428250902948,False,1016,0.0013111248490069436,0.01613822855305073,0.3304034619497498,0.2561864361149639,1.2896992790105444,-0.19741398593981385,2.318182799911606,1016,0.0008922820239166488,0.016109666616494878,0.2248550700269955,0.25573302942842874,0.8792570538485137,-0.28469218179224254,1.169792757414116
25,AR1 + Sample Covariance + Two-Step,0.20756734623304285,1.3657275144466197,0.09981827826029196,0.001999999999999999,0.0004314248017997503,False,1016,0.0013127330267716235,0.016134969647570347,0.3308087227464491,0.25613470259427973,1.2915419870709746,-0.1973884651054495,2.323770401819942,1016,0.0008813082249718731,0.016102922192292674,0.22208967269291202,0.2556259650133766,0.8688071756767367,-0.2886286283733863,1.1459758330952683
25,AR1 + EWMA Covariance + One-Step,0.21879263910357266,1.595474626009708,0.09999730046819043,0.001999999999999999,0.00044547781753098725,False,1016,0.0013045995745806008,0.016738021074079897,0.3287590927943114,0.2657078472082418,1.2372953838154988,-0.22006119512660438,2.263400893455075,1016,0.0008591217570496134,0.01670507222545633,0.21649868277650258,0.26518480045157855,0.8164068317936427,-0.3185172035012809,1.0771989217860387
25,AR1 + EWMA Covariance + Two-Step,0.22503707183994123,1.5830686213432255,0.0999719931071681,0.001999999999999999,0.0004587018058336756,False,1016,0.0013058051561234834,0.01673748840700234,0.32906289934311783,0.26569939138052895,1.2384781825557178,-0.21973151130927482,2.267427256751343,1016,0.0008471033502898076,0.01670492860658834,0.2134700442730315,0.2651825205727289,0.8049928924877432,-0.32502067833166404,1.0520094047477229
25,Simple + Sample Covariance + One-Step,0.19371984873758552,0.6760333152158129,0.09999769885592086,0.001999999999999999,0.0003961500305012652,False,1016,0.0009151104297320843,0.015984477553613353,0.23060782829248525,0.2537457146649303,0.9088146714004669,-0.3967612596699063,1.2249182609259073,1016,0.0005189603992308189,0.015990751075083985,0.13077802060616636,0.2538453037308658,0.515187867114615,-0.4793582650996352,0.48774305187711064
25,Simple + Sample Covariance + Two-Step,0.19762788714855856,0.6768272945775586,0.09997627236372597,0.001999999999999999,0.0004041697679006788,False,1016,0.000914064211749013,0.015981053798977643,0.23034418136075127,0.25369136424503314,0.9079701315267023,-0.3968369869416075,1.222677304676132,1016,0.0005098944438483342,0.015988178468542596,0.1284933998497802,0.2538044648680874,0.506269264871142,-0.48194822197131326,0.4741663423620732
25,Simple + EWMA Covariance + One-Step,0.2035890785373059,0.7999810320686821,0.099997448266085,0.001999999999999999,0.0004162118060742571,False,1016,0.0007680742003910133,0.017003847481467174,0.19355469849853535,0.2699277106034047,0.7170612386029476,-0.4248849175802629,0.8838877674559242,1016,0.00035186239431675637,0.017088859385725106,0.0886693233678226,0.2712772327462838,0.3268586990149371,-0.5090319198112677,0.2324783680032012
25,Simple + EWMA Covariance + Two-Step,0.20740459631663663,0.797723646513862,0.09997501811941543,0.001999999999999999,0.00042417250830054874,False,1016,0.0007678993961015743,0.01699901699267466,0.19351064781759672,0.26985102897106944,0.7171017600171644,-0.4247047041829941,0.8837103591240145,1016,0.0003437268878010255,0.017084447366156535,0.08661917572585842,0.2712071941069359,0.319383768602041,-0.5111133678615186,0.22242752179898084
